,JobTitle,Location,JobUrl,Lable,Summary,Clean_Text
0,Application Integration Engineering,Bangalore,https://internshala.com/internship/detail/application-integration-engineering-internship-in-bangalore-at-airbus-group-india-private-limited1631162801,Engineering,Computer Science and Engineering student who is passionate about building software and applications that have a material impact on real-world problems.,Application Integration Engineering Engineering computer science and engineering student who is passionate about building software and applications that have a material impact on realworld problems
1,Full Stack Development,Chennai,https://internshala.com/internship/detail/full-stack-development-internship-in-chennai-at-kaatru-iit-madras1630478761,Engineering,"I am undergraduate computer science student with knowledge of Python, Javascript, React-native, Security and data science. I like to learn different framework and develop application with them. M tech, B tech , Engineering",Full Stack Development Engineering i am undergraduate computer science student with knowledge of python javascript reactnative security and data science i like to learn different framework and develop application with them m tech b tech  engineering
2,C++ Development (QT Creation),Work From Home,https://internshala.com/internship/detail/c-development-qt-creation-work-from-home-job-internship-at-iit-bombay1630323975,Engineering,"Python developer  Data Science Data Analysis Software Development Python C++ R Data Engineering Intern  RHEL-8  Web Development Coding Enthusiast M tech, B tech , Engineering",C++ Development (QT Creation) Engineering python developer  data science data analysis software development python c++ r data engineering intern  rhel8  web development coding enthusiast m tech b tech  engineering
3,ReactJS,Gurgaon,https://internshala.com/internship/detail/reactjs-internship-in-gurgaon-at-kavishala-labs1631268436,Engineering,"I am a Tech Enthusiast with major experience in Front End Web Development in ReactJS, with Server Side in NodeJS and Database logic as well. Also, familiar with various technologies like HTML, CSS/SCSS, JavaScript, Es6, etc., and Comfortable working in windows and Linux environments. M tech, B tech , Engineering",ReactJS Engineering i am a tech enthusiast with major experience in front end web development in reactjs with server side in nodejs and database logic as well also familiar with various technologies like html cssscss javascript es6 etc and comfortable working in windows and linux environments m tech b tech  engineering
4,Flutter Development,Work From Home,https://internshala.com/internship/detail/flutter-development-work-from-home-job-internship-at-touchstone-foundation-tsf1631277058,Engineering,"pursuing B.E computer Science functional software. M tech, B tech , Engineering B E",Flutter Development Engineering pursuing be computer science functional software m tech b tech  engineering b e
5,Mobile App Development,Work From Home,https://internshala.com/internship/detail/mobile-app-development-work-from-home-job-internship-at-atzos-ventures-private-limited1631271302,Engineering,"skill in Java, Python, Web Development, attention to detail, and a solid Engineering background looking to obtain a responsible career opportunity to fully utilize my training and skills M tech, B tech , Engineering B E",Mobile App Development Engineering skill in java python web development attention to detail and a solid engineering background looking to obtain a responsible career opportunity to fully utilize my training and skills m tech b tech  engineering b e
6,Web Development,Work From Home,https://internshala.com/internship/detail/web-development-work-from-home-job-internship-at-stonevilla-developers1631276481,Engineering,"M tech, B tech , Engineering B E Skilled in Python (Programming Language), Microsoft Word, C++, Communication, and Machine Learning,HTML,CSS, JavaScript, Bootstrap,MySQL,PHP",Web Development Engineering m tech b tech  engineering b e skilled in python (programming language) microsoft word c++ communication and machine learninghtmlcss javascript bootstrapmysqlphp
7,Biomedical Instrumentation (R&D Team),Delhi,https://internshala.com/internship/detail/biomedical-instrumentation-r-d-team-part-time-job-internship-at-delhi-gurgaon-in-pareto-tree-private-limited1631276213,Engineering,"Master of Science in Analytics from TISS, Mumbai, Experienced Instrumentation Engineer with a demonstrated history of working in Oil & Gas Industry 
Skilled in Advanced Excel, PowerPoint, Data Analysis with Python & SQL, Data Visualization with Power BI","Biomedical Instrumentation (R&D Team) Engineering master of science in analytics from tiss mumbai experienced instrumentation engineer with a demonstrated history of working in oil  gas industry 
skilled in advanced excel powerpoint data analysis with python  sql data visualization with power bi"
8,Web Development,Work From Home,https://internshala.com/internship/detail/web-development-work-from-home-job-internship-at-fitness-bite1631275438,Engineering,"Skilled in Python (Programming Language), Microsoft Word, C++, Communication, and Machine Learning,HTML,CSS, JavaScript, Bootstrap,MySQL,PHP iOS and Android Architect and build these applications, as well as coordinate with the teams responsible for other layers of the product infrastructure",Web Development Engineering skilled in python (programming language) microsoft word c++ communication and machine learninghtmlcss javascript bootstrapmysqlphp ios and android architect and build these applications as well as coordinate with the teams responsible for other layers of the product infrastructure
9,Front End Development,Work From Home,https://internshala.com/internship/detail/front-end-development-work-from-home-job-internship-at-youth-india-foundation1631269488,Engineering,Engage in ongoing projects Participate in the overall application life-cycle Collaborate with backend developers Learn about new technologies Collaborate with a multidisciplinary team of designers and developers Provide help and support to other team members Work on the coding and designing the layout of the website,Front End Development Engineering engage in ongoing projects participate in the overall application lifecycle collaborate with backend developers learn about new technologies collaborate with a multidisciplinary team of designers and developers provide help and support to other team members work on the coding and designing the layout of the website
10,Mobile App Development,Work From Home,https://internshala.com/internship/detail/mobile-app-development-work-from-home-job-internship-at-hypersports1630782064,Engineering,"skill in Java, Python, Web Development, attention to detail, and a solid Engineering background looking to obtain a responsible career opportunity to fully utilize my training and skills",Mobile App Development Engineering skill in java python web development attention to detail and a solid engineering background looking to obtain a responsible career opportunity to fully utilize my training and skills
11,Android App Development/Kotlin Programming (Smart App Development),Work From Home,https://internshala.com/internship/detail/android-app-development-kotlin-programming-smart-app-development-work-from-home-job-internship-at-medclick-private-limited1631194089,Engineering,"skill in Java, Python, Web Development, attention to detail, and a solid Engineering background looking to obtain a responsible career opportunity to fully utilize my training and skills",Android App Development/Kotlin Programming (Smart App Development) Engineering skill in java python web development attention to detail and a solid engineering background looking to obtain a responsible career opportunity to fully utilize my training and skills
12,Web Development,Noida,https://internshala.com/internship/detail/web-development-internship-in-noida-at-tisaaw-service1631274857,Engineering,"Skilled in Python (Programming Language), Microsoft Word, C++, Communication, and Machine Learning,HTML,CSS, JavaScript, Bootstrap,MySQL,PHP iOS and Android Architect and build these applications, as well as coordinate with the teams responsible for other layers of the product infrastructure",Web Development Engineering skilled in python (programming language) microsoft word c++ communication and machine learninghtmlcss javascript bootstrapmysqlphp ios and android architect and build these applications as well as coordinate with the teams responsible for other layers of the product infrastructure
13,Quality Assurance/Testing,Noida,https://internshala.com/internship/detail/quality-assurance-testing-internship-in-noida-at-codenia-technologies-llp1631255716,Engineering,"Creating, maintaining, and implementing the source code to develop mobile apps and mobile platform programs Fixing bugs and performance problems Writing clean, readable, and testable code. Cooperating with back-end developers, designers, and the rest of the team to deliver well-architected and high-quality solutions",Quality Assurance/Testing Engineering creating maintaining and implementing the source code to develop mobile apps and mobile platform programs fixing bugs and performance problems writing clean readable and testable code cooperating with backend developers designers and the rest of the team to deliver wellarchitected and highquality solutions
14,Web Development,Mohali,https://internshala.com/internship/detail/web-development-internship-in-mohali-at-rudra-innovative-software-private-limited1631274132,Engineering,"Skilled in Python (Programming Language), Microsoft Word, C++, Communication, and Machine Learning,HTML,CSS, JavaScript, Bootstrap,MySQL,PHP iOS and Android Architect and build these applications, as well as coordinate with the teams responsible for other layers of the product infrastructure",Web Development Engineering skilled in python (programming language) microsoft word c++ communication and machine learninghtmlcss javascript bootstrapmysqlphp ios and android architect and build these applications as well as coordinate with the teams responsible for other layers of the product infrastructure
15,Quality Analysis/Test Engineering,Work From Home,https://internshala.com/internship/detail/quality-analysis-test-engineering-work-from-home-job-internship-at-vdoit-technologies-private-limited1631273971,Engineering,"Creating, maintaining, and implementing the source code to develop mobile apps and mobile platform programs Fixing bugs and performance problems Writing clean, readable, and testable code. Cooperating with back-end developers, designers, and the rest of the team to deliver well-architected and high-quality solutions",Quality Analysis/Test Engineering Engineering creating maintaining and implementing the source code to develop mobile apps and mobile platform programs fixing bugs and performance problems writing clean readable and testable code cooperating with backend developers designers and the rest of the team to deliver wellarchitected and highquality solutions
16,PHP Development (CodeIgniter),Noida,https://internshala.com/internship/detail/php-development-codeigniter-internship-in-noida-at-trozorro-consultancy-services-private-limited1631273683,Engineering,"I have experience in working with programming languages like C , python and others like HTML, CSS , bootstrap, jQuery  Designing and building advanced applications for the Android platformPerforming analysis, designing, implementing, testing, and deploying ",PHP Development (CodeIgniter) Engineering i have experience in working with programming languages like c  python and others like html css  bootstrap jquery  designing and building advanced applications for the android platformperforming analysis designing implementing testing and deploying 
17,PHP Development,Work From Home,https://internshala.com/internship/detail/php-development-work-from-home-job-internship-at-quantum-it1631194372,Engineering,"programming languages like C , python and others like HTML, CSS , bootstrap, jQuery  Designing and building advanced applications for the Android platformPerforming analysis, designing, implementing, testing, and deploying ",PHP Development Engineering programming languages like c  python and others like html css  bootstrap jquery  designing and building advanced applications for the android platformperforming analysis designing implementing testing and deploying 
18,Web Development,Work From Home,https://internshala.com/internship/detail/web-development-work-from-home-job-internship-at-casa-altair-private-limited1631194272,Engineering,"Skilled in Python (Programming Language), Microsoft Word, C++, Communication, and Machine Learning,HTML,CSS, JavaScript, Bootstrap,MySQL,PHP iOS and Android Architect and build these applications, as well as coordinate with the teams responsible for other layers of the product infrastructure",Web Development Engineering skilled in python (programming language) microsoft word c++ communication and machine learninghtmlcss javascript bootstrapmysqlphp ios and android architect and build these applications as well as coordinate with the teams responsible for other layers of the product infrastructure
19,Computer Vision/Image Processing,Work From Home,https://internshala.com/internship/detail/computer-vision-image-processing-work-from-home-job-internship-at-dimensionless-technologies1631176638,Computer Vision,"Deep Learning. I’ve previously worked at the Society of Artificial Intelligence as a Data Science Intern  Install, configure, tune and monitor to optimum performance Linux based applications  in virtual and physical large scale transnational environments computer science",Computer Vision/Image Processing Computer Vision deep learning i’ve previously worked at the society of artificial intelligence as a data science intern  install configure tune and monitor to optimum performance linux based applications  in virtual and physical large scale transnational environments computer science
20,Computer Vision,Delhi,https://internshala.com/internship/detail/computer-vision-internship-in-multiple-locations-at-beadcore-infotech-private-limited1631079053,Computer Vision,"Deep Learning. I’ve previously worked at the Society of Artificial Intelligence as a Data Science Intern  Install, configure, tune and monitor to optimum performance Linux based applications  in virtual and physical large scale transnational environments",Computer Vision Computer Vision deep learning i’ve previously worked at the society of artificial intelligence as a data science intern  install configure tune and monitor to optimum performance linux based applications  in virtual and physical large scale transnational environments
21,Computer Vision,Work From Home,https://internshala.com/internship/detail/computer-vision-work-from-home-job-internship-at-wobot-intelligence-private-limited1631075218,Computer Vision,"Deep Learning. I’ve previously worked at the Society of Artificial Intelligence as a Data Science Intern  Install, configure, tune and monitor to optimum performance Linux based applications  in virtual and physical large scale transnational environments Manage Google Workspace and create users for every new  computer science",Computer Vision Computer Vision deep learning i’ve previously worked at the society of artificial intelligence as a data science intern  install configure tune and monitor to optimum performance linux based applications  in virtual and physical large scale transnational environments manage google workspace and create users for every new  computer science
22,Data Entry,Work From Home,https://internshala.com/internship/detail/data-entry-work-from-home-job-internship-at-carscan1630676445,Computer Vision,Maintaining documentation & presentation and drafting project proposals and reports as and when needed Developing and maintaining project deliverables under the direction of the senior project manager pursue Master's are highly preferred computer science,Data Entry Computer Vision maintaining documentation  presentation and drafting project proposals and reports as and when needed developing and maintaining project deliverables under the direction of the senior project manager pursue masters are highly preferred computer science
23,Computer Vision,Work From Home,https://internshala.com/internship/detail/computer-vision-work-from-home-job-internship-at-kontiki-innovation-labs1630616362,Computer Vision,"Work on vision-cum-image-based automation systemsI’ve previously worked at the Society of Artificial Intelligence as a Data Science Intern  Install, configure, tune and monitor to optimum performance Linux based applications  in virtual and physical large scale transnational environments Manage Google Workspace and create users for every new ",Computer Vision Computer Vision work on visioncumimagebased automation systemsi’ve previously worked at the society of artificial intelligence as a data science intern  install configure tune and monitor to optimum performance linux based applications  in virtual and physical large scale transnational environments manage google workspace and create users for every new 
24,Data Science & Computer Vision,Gurgaon,https://internshala.com/internship/detail/data-science-computer-vision-internship-in-gurgaon-at-synergy-labs1630403920,Computer Vision,"I’ve previously worked at the Society of Artificial Intelligence as a Data Science Intern  Install, configure, tune and monitor to optimum performance Linux based applications  in virtual and physical large scale transnational environments Manage Google Workspace and create users for every new computer vision",Data Science & Computer Vision Computer Vision i’ve previously worked at the society of artificial intelligence as a data science intern  install configure tune and monitor to optimum performance linux based applications  in virtual and physical large scale transnational environments manage google workspace and create users for every new computer vision
25,Computer Vision,Visakhapatnam,https://internshala.com/internship/detail/computer-vision-internship-in-visakhapatnam-at-zestiot-technologies-private-limited1630386254,Computer Vision,"Work on the algorithm's optimization, interface, and application development  Work with the QT framework, QML, and QT widgets I’ve previously worked at the Society of Artificial Intelligence as a Data Science Intern  Install, configure, tune and monitor to optimum performance Linux based applications  in virtual and physical large scale transnational environments Manage Google Workspace and create users for every new ",Computer Vision Computer Vision work on the algorithms optimization interface and application development  work with the qt framework qml and qt widgets i’ve previously worked at the society of artificial intelligence as a data science intern  install configure tune and monitor to optimum performance linux based applications  in virtual and physical large scale transnational environments manage google workspace and create users for every new 
26,MLOps,Navi Mumbai,https://internshala.com/internship/detail/mlops-internship-in-navi-mumbai-at-dimensionless-technologies1630389506,Computer Vision,"Artificial Intelligence as a Data Science Intern  Install, configure, tune and monitor to optimum performance Linux based applications  in virtual and physical large scale transnational environments Manage Google Workspace and create users for every new computer vision",MLOps Computer Vision artificial intelligence as a data science intern  install configure tune and monitor to optimum performance linux based applications  in virtual and physical large scale transnational environments manage google workspace and create users for every new computer vision
27,Computer Vision,Delhi,https://internshala.com/internship/detail/computer-vision-internship-in-delhi-at-untrodden-labs1630110892,Computer Vision,computer vision Developing a hardware prototype for IoT nodes using Raspberry Pi/Arduino/NodeMCU Deploying the said IoT in the field and testing them ,Computer Vision Computer Vision computer vision developing a hardware prototype for iot nodes using raspberry piarduinonodemcu deploying the said iot in the field and testing them 
28,Deep Learning & Computer Vision Engineering (Autonomous Vehicles),Bangalore,https://internshala.com/internship/detail/deep-learning-computer-vision-engineering-autonomous-vehicles-internship-in-bangalore-at-veer-b-mahapatra1629451901,Computer Vision,Computer Vision and Data Science. I really enjoy to explore new possibilities for solving practical-world problems and to add-on new experiences and skills. Currently I am looking for a full-time opportunity to work in the domain of Computer Vision and Deep Learning.,Deep Learning & Computer Vision Engineering (Autonomous Vehicles) Computer Vision computer vision and data science i really enjoy to explore new possibilities for solving practicalworld problems and to addon new experiences and skills currently i am looking for a fulltime opportunity to work in the domain of computer vision and deep learning
29,Technical Management (OCR) Based On Machine Learning And Software Development,Work From Home,https://internshala.com/internship/detail/technical-management-ocr-based-on-machine-learning-and-software-development-work-from-home-job-internship-at-iit-bombay1630645260,Data Science,"Pursuing Masters in Statistics. Skilled in Python (Programming Language),R (Programming Language), MATLAB, Minitab, Microsoft Word, Microsoft Excel, Data Science, Machine Learning and Actuarial Science end-to-end machine learning projects, particularly based on computer vision",Technical Management (OCR) Based On Machine Learning And Software Development Data Science pursuing masters in statistics skilled in python (programming language)r (programming language) matlab minitab microsoft word microsoft excel data science machine learning and actuarial science endtoend machine learning projects particularly based on computer vision
30,Data Mining & Research,Work From Home,https://internshala.com/internship/detail/data-mining-research-work-from-home-job-internship-at-indiamart-intermesh-limited1630414620,Data Science,"pursuing MBA in big data analytics due to past work where I got to know how data can be leveraged to make optimal business decisions with the better implementation of the plan statistics, mathematics",Data Mining & Research Data Science pursuing mba in big data analytics due to past work where i got to know how data can be leveraged to make optimal business decisions with the better implementation of the plan statistics mathematics
31,Data Science,Work From Home,https://internshala.com/internship/detail/data-science-work-from-home-job-internship-at-society-for-health-and-medical-technology1631265453,Data Science,"I have learned Tableau, Power-BI, Python, R, SQL, Advanced Excel and completed Projects which includes technology like descriptive, predictive and linear and logistic regression algorithms",Data Science Data Science i have learned tableau powerbi python r sql advanced excel and completed projects which includes technology like descriptive predictive and linear and logistic regression algorithms
32,Business Analytics,Work From Home,https://internshala.com/internship/detail/business-analytics-work-from-home-job-internship-at-promethean-power-systems1631112931,Data Science,"Tableau, Power-BI, Python, R, SQL, Proficient in predictive modelling, data processing, data mining algorithms as well as scripting languages including Python and R programming.  statistics, mathematics",Business Analytics Data Science tableau powerbi python r sql proficient in predictive modelling data processing data mining algorithms as well as scripting languages including python and r programming  statistics mathematics
33,Operations Engineering,Mumbai,https://internshala.com/internship/detail/operations-engineering-internship-in-mumbai-at-manastu-space1631267281,Data Science," statistics, mathematics MATLAB, Minitab Tableau, Power-BI, Python, R, SQL, Proficient in predictive modelling, data processing, data mining algorithms as well as scripting languages including Python and R programming",Operations Engineering Data Science  statistics mathematics matlab minitab tableau powerbi python r sql proficient in predictive modelling data processing data mining algorithms as well as scripting languages including python and r programming
34,Machine Learning,Work From Home,https://internshala.com/internship/detail/machine-learning-work-from-home-job-internship-at-university-of-portsmouth1631264142,Data Science,"MATLAB, Minitab Tableau, Power-BI, Python, R, SQL, Proficient in predictive modelling, data processing, data mining algorithms as well as scripting languages including Python and R programming  statistics, mathematics",Machine Learning Data Science matlab minitab tableau powerbi python r sql proficient in predictive modelling data processing data mining algorithms as well as scripting languages including python and r programming  statistics mathematics
35,Data Validation (CRM Implementation),Bangalore,https://internshala.com/internship/detail/data-validation-crm-implementation-internship-in-bangalore-at-bpl-medical-technologies1631263027,Data Science,"Work on the algorithm's optimization, interface, and application development Work with the QT framework, QML, and QT widgets  statistics, mathematics",Data Validation (CRM Implementation) Data Science work on the algorithms optimization interface and application development work with the qt framework qml and qt widgets  statistics mathematics
36,Data Analytics,Mumbai,https://internshala.com/internship/detail/data-analytics-internship-in-mumbai-at-beyond-automation1631184180,Data Science,"Tableau, Power-BI, Python, R, SQL, Proficient in predictive modelling, data processing, data mining algorithms as well as scripting languages including Python and R programming.  statistics, mathematics",Data Analytics Data Science tableau powerbi python r sql proficient in predictive modelling data processing data mining algorithms as well as scripting languages including python and r programming  statistics mathematics
37,Data Analytics,Pune,https://internshala.com/internship/detail/data-analytics-internship-in-pune-at-friends-union-for-energising-lives-fuel1631259644,Data Science,"Tableau, Power-BI, Python, R, SQL, Proficient in predictive modelling, data processing, data mining algorithms as well as scripting languages including Python and R programming.  statistics, mathematics",Data Analytics Data Science tableau powerbi python r sql proficient in predictive modelling data processing data mining algorithms as well as scripting languages including python and r programming  statistics mathematics
38,Machine Learning,Work From Home,https://internshala.com/internship/detail/machine-learning-work-from-home-job-internship-at-sjtech-solutions1631226822,Data Science,"Machine Learning Algorithms, Deep Learning, Tensorflow, Keras ,Computer Vision & Natural Language Processing.  statistics, mathematics",Machine Learning Data Science machine learning algorithms deep learning tensorflow keras computer vision  natural language processing  statistics mathematics
39,Business Analytics (Corporate Affairs),Gurgaon,https://internshala.com/internship/detail/business-analytics-corporate-affairs-internship-in-gurgaon-at-sterlite-technologies1631254596,Data Science,"Tableau, Power-BI, Python, R, SQL, Proficient in predictive modelling, data processing, data mining algorithms as well as scripting languages including Python and R programming.  statistics, mathematics",Business Analytics (Corporate Affairs) Data Science tableau powerbi python r sql proficient in predictive modelling data processing data mining algorithms as well as scripting languages including python and r programming  statistics mathematics
40,Data Analytics,Work From Home,https://internshala.com/internship/detail/data-analytics-work-from-home-job-internship-at-heart-it-out1631254588,Data Science,"MATLAB, Minitab Tableau, Power-BI, Python, R, SQL, Proficient in predictive modelling, data processing, data mining algorithms as well as scripting languages including Python and R programming  statistics, mathematics",Data Analytics Data Science matlab minitab tableau powerbi python r sql proficient in predictive modelling data processing data mining algorithms as well as scripting languages including python and r programming  statistics mathematics
41,Data Science (Technical Writing),Work From Home,https://internshala.com/internship/detail/data-science-technical-writing-work-from-home-job-internship-at-enthire1631253841,Data Science,"MATLAB, Minitab, Microsoft Word, Microsoft Excel, Data Science, Machine Learning and Actuarial Science end-to-end machine learning projects, particularly based on computer vision Proficient in predictive modelling, data processing, data mining algorithms as well as scripting languages  statistics, mathematics",Data Science (Technical Writing) Data Science matlab minitab microsoft word microsoft excel data science machine learning and actuarial science endtoend machine learning projects particularly based on computer vision proficient in predictive modelling data processing data mining algorithms as well as scripting languages  statistics mathematics
42,Data Analysis,Work From Home,https://internshala.com/internship/detail/data-analysis-work-from-home-job-internship-at-lido-learning1631251784,Data Science," Data Science, Machine Learning and Actuarial Science end-to-end machine learning projects, particularly based on computer vision Proficient in predictive modelling, data processing, data mining algorithms as well as scripting languages  statistics, mathematics",Data Analysis Data Science  data science machine learning and actuarial science endtoend machine learning projects particularly based on computer vision proficient in predictive modelling data processing data mining algorithms as well as scripting languages  statistics mathematics
43,Power BI Development,Work From Home,https://internshala.com/internship/detail/power-bi-development-work-from-home-job-internship-at-kalani-gattani-company1631251362,Data Science,"Proficient in predictive modelling, data processing, data mining algorithms as well as scripting languages including Python and R programming, MATLAB, Minitab Tableau, Power-BI, Python, R, SQL  statistics, mathematics",Power BI Development Data Science proficient in predictive modelling data processing data mining algorithms as well as scripting languages including python and r programming matlab minitab tableau powerbi python r sql  statistics mathematics
44,Machine Learning,Work From Home,https://internshala.com/internship/detail/machine-learning-work-from-home-job-internship-at-skillbit1631248846,Data Science,"Tableau, Power-BI, Python, R, SQL Proficient in predictive modelling, data processing, data mining algorithms as well as scripting languages including Python and R programming  statistics, mathematics",Machine Learning Data Science tableau powerbi python r sql proficient in predictive modelling data processing data mining algorithms as well as scripting languages including python and r programming  statistics mathematics
45,Campus Ambassador,Work From Home,https://internshala.com/internship/detail/campus-ambassador-programme-at-international-model-united-nations1629878383,MBA,"Design, develop, maintain and support LSF submission scripts to integrate scientific computing batch products Perform scaling tests of integrated tools on single cores, multiple cores, multi nodes to help engineers using the software management MBA ",Campus Ambassador MBA design develop maintain and support lsf submission scripts to integrate scientific computing batch products perform scaling tests of integrated tools on single cores multiple cores multi nodes to help engineers using the software management mba 
46,Retail Sales,Faridabad,https://internshala.com/internship/detail/retail-sales-internship-in-faridabad-delhi-at-decathlon1631265071,MBA,Develop in-house tools to create a workflow with Google apps script that will automate the process of multi-level approval digitally and eliminate errors development  management MBA,Retail Sales MBA develop inhouse tools to create a workflow with google apps script that will automate the process of multilevel approval digitally and eliminate errors development  management mba
47,Business Development (Sales),Chennai,https://internshala.com/internship/detail/business-development-sales-internship-in-chennai-at-urban-company1631270818,MBA,"C++, Management, Leadership, and Soft Skills JavaScript jQuery algorithm's optimization, interface, and application development Managnent MBA",Business Development (Sales) MBA c++ management leadership and soft skills javascript jquery algorithms optimization interface and application development managnent mba
48,Business Development (Sales),Delhi,https://internshala.com/internship/detail/business-development-sales-internship-in-delhi-at-decathlon-sports-india1631081980,MBA,"Skilled in Python (Programming Language), C++, Management, Leadership, and Soft Skills. Being a foreign exchange participant I know that I can easily adapt to fast-changing surroundings. Currently pursuing a Bachelor of Technology - BTech ",Business Development (Sales) MBA skilled in python (programming language) c++ management leadership and soft skills being a foreign exchange participant i know that i can easily adapt to fastchanging surroundings currently pursuing a bachelor of technology  btech 
49,Operations,Work From Home,https://internshala.com/internship/detail/operations-work-from-home-job-internship-at-info-edge-india-limited1631193211,MBA,"Skilled in Communication, Market Research, English, Management, and Networking. Strong education professional with a Bachelor of Engineering - BE focused in Computer Science. Managnent MBA",Operations MBA skilled in communication market research english management and networking strong education professional with a bachelor of engineering  be focused in computer science managnent mba
50,Business Development (Sales),Jaipur,https://internshala.com/internship/detail/business-development-sales-internship-in-jaipur-at-urban-company1631264656,MBA,"Work on CSS, HTML, PHP, JavaScript jQuery Handle multiple projects flexibly Management, and Networking. Strong education professional with a Bachelor of Engineering - BE focused in Computer Science. Managnent MBA",Business Development (Sales) MBA work on css html php javascript jquery handle multiple projects flexibly management and networking strong education professional with a bachelor of engineering  be focused in computer science managnent mba
51,Business Development (Sales),Chandigarh,https://internshala.com/internship/detail/business-development-sales-internship-in-chandigarh-at-urban-company1631261585,MBA,"Work on the algorithm's optimization, interface, and application development Work with the QT framework, QML, and designed, testable, and efficient code by using best software development CSS, HTML, PHP, JavaScript jQuery Managnent MBA",Business Development (Sales) MBA work on the algorithms optimization interface and application development work with the qt framework qml and designed testable and efficient code by using best software development css html php javascript jquery managnent mba
52,Marketing,Ludhiana,https://internshala.com/internship/detail/marketing-internship-in-ludhiana-khanna-at-byjus1631260777,MBA,"C++ python CSS, HTML, PHP, JavaScript jQuery algorithm's optimization, interface, and application development Managnent MBA",Marketing MBA c++ python css html php javascript jquery algorithms optimization interface and application development managnent mba
53,Content Writing,Work From Home,https://internshala.com/internship/detail/content-writing-work-from-home-job-internship-at-purplle1631017011,MBA,Developing a hardware prototype for IoT nodes using Raspberry Pi/Arduino/NodeMCU Managnent MBA,Content Writing MBA developing a hardware prototype for iot nodes using raspberry piarduinonodemcu managnent mba
54,Business Development (Sales),Agra,https://internshala.com/internship/detail/business-development-sales-internship-in-agra-at-urban-company1631252689,MBA,"Designing the overall architecture for the web applications Creating and managing Cloud servers and databases Management, and Networking. Strong education professional Computer Science. Managnent MBA",Business Development (Sales) MBA designing the overall architecture for the web applications creating and managing cloud servers and databases management and networking strong education professional computer science managnent mba
0,Business Analytics,Work From Home,https://internshala.com/internship/detail/business-analytics-work-from-home-job-internship-at-quadiro-technologies-llp1631549568,Data Science,"I'm a modest learner with several extraordinary skills in the field of Science and Technologies of this era among them Machine Learning & Web development as a specialist and an Open Source Contributor Currently I'm pursuing my final year of B.Tech from Techno Main Salt Lake. And I am very much enthusiast about the new opportunities in the domain of Data Analytics, Web Development, Machine Learning and SDE intern (SDE l ).I am skilled with the rich knowledge in Python, Flask, Machine Learning, Data visualizations, Data Mining, Web Scrapping, Web API, React.Js, Node.Js, MongoDB, Javascript, PhP, MySQL, AWS(fundamentals) and more.",Business Analytics Data Science im a modest learner with several extraordinary skills in the field of science and technologies of this era among them machine learning  web development as a specialist and an open source contributor currently im pursuing my final year of btech from techno main salt lake and i am very much enthusiast about the new opportunities in the domain of data analytics web development machine learning and sde intern (sde l )i am skilled with the rich knowledge in python flask machine learning data visualizations data mining web scrapping web api reactjs nodejs mongodb javascript php mysql aws(fundamentals) and more
1,Data Analytics,Work From Home,https://internshala.com/internship/detail/data-analytics-work-from-home-job-internship-at-emachat-luxe1631540673,Data Science,"M.Sc. Statistics graduate. Highly-motivated and passionate about getting in Data-Science domain. Possess a strong background in statistics. Good at Python, R and PostgreSQL. Open to explore new opportunities.",Data Analytics Data Science msc statistics graduate highlymotivated and passionate about getting in datascience domain possess a strong background in statistics good at python r and postgresql open to explore new opportunities
2,Applied Mathematics,Work From Home,https://internshala.com/internship/detail/applied-mathematics-work-from-home-job-internship-at-episodiclabs-private-limited-teckniklab1631540115,Data Science,"I completed my graduation in Applied Mathematics from IIT Roorkee. Since last 5 years, I have been working in building different analytics based products. Supply chain, engineering, healthcare insurance, finance and education are the domains I have experience with. Fortunately, I have had the opportunity to work across different roles - Data Science, Product and R&D",Applied Mathematics Data Science i completed my graduation in applied mathematics from iit roorkee since last 5 years i have been working in building different analytics based products supply chain engineering healthcare insurance finance and education are the domains i have experience with fortunately i have had the opportunity to work across different roles  data science product and rd
3,Data Analytics,Work From Home,https://internshala.com/internship/detail/data-analytics-work-from-home-job-internship-at-nuvoretail1631533517,Data Science,"I am skilled with the rich knowledge in Python, Flask, Machine Learning, Data visualizations, Data Mining, Web Scrapping, Web API, React.Js, Node.Js, MongoDB, Javascript, PhP, MySQL, AWS(fundamentals) and more",Data Analytics Data Science i am skilled with the rich knowledge in python flask machine learning data visualizations data mining web scrapping web api reactjs nodejs mongodb javascript php mysql aws(fundamentals) and more
4,Data Analytics,Mumbai,https://internshala.com/internship/detail/data-analytics-internship-in-mumbai-at-optiwise-online1631469818,Data Science,"I am skilled with the rich knowledge in Python, Flask, Machine Learning, Data visualizations, Data Mining, Web Scrapping, Web API, React.Js, Node.Js, MongoDB, Javascript, PhP, MySQL, AWS(fundamentals) and more.",Data Analytics Data Science i am skilled with the rich knowledge in python flask machine learning data visualizations data mining web scrapping web api reactjs nodejs mongodb javascript php mysql aws(fundamentals) and more
5,Business Analysis,Delhi,https://internshala.com/internship/detail/business-analysis-internship-in-delhi-at-isourse1631507731,Data Science,"Machine Learning & Web development M.Sc. Statistics graduate Good at Python, R and PostgreSQL ",Business Analysis Data Science machine learning  web development msc statistics graduate good at python r and postgresql 
6,Research Analytics,Agra,https://internshala.com/internship/detail/research-analytics-internship-in-agra-at-hitouch-technologies-private-limited1631348644,Data Science,"I'm a full stack developer and machine learning enthusiastic. Working as a Research and Analytics Intern at WNS Global Services.Final year post graduate Student of Statistics looking for good internship/job opportunities in the field of Data analysis, Data Science",Research Analytics Data Science im a full stack developer and machine learning enthusiastic working as a research and analytics intern at wns global servicesfinal year post graduate student of statistics looking for good internshipjob opportunities in the field of data analysis data science
7,Data Analytics,Mumbai,https://internshala.com/internship/detail/data-analytics-internship-in-mumbai-at-medius-technologies-private-limited1631348071,Data Science,"Python, Flask, Machine Learning, Data visualizations, Data Mining, Web Scrapping, Web API  Student of Statistics looking for good internship/job opportunities in the field of Data analysis, Data Science ",Data Analytics Data Science python flask machine learning data visualizations data mining web scrapping web api  student of statistics looking for good internshipjob opportunities in the field of data analysis data science 
8,Investment Banking,Work From Home,https://internshala.com/internship/detail/investment-banking-work-from-home-job-internship-at-silvermile-capital1631344692,Data Science,"Python, Flask, Machine Learning, Data visualizations, Data Mining, Web Scrapping, Web API  Student of Statistics looking for good internship/job opportunities in the field of Data analysis, Data Science ",Investment Banking Data Science python flask machine learning data visualizations data mining web scrapping web api  student of statistics looking for good internshipjob opportunities in the field of data analysis data science 
9,Projects Executing,Delhi,https://internshala.com/internship/detail/data-analysis-internship-in-multiple-locations-at-edu-wiki1631340123,Data Science,"M.Sc. Statistics graduate. Highly-motivated and passionate about getting in Data-Science domain. Possess a strong background in statistics. Good at Python, R and PostgreSQL. Open to explore new opportunities.",Projects Executing Data Science msc statistics graduate highlymotivated and passionate about getting in datascience domain possess a strong background in statistics good at python r and postgresql open to explore new opportunities
10,Business Analytics,Jaipur,https://internshala.com/internship/detail/projects-executing-internship-in-jaipur-at-cognus-technology1631278355,Data Science," I am very much enthusiast about the new opportunities in the domain of Data Analytics, Web Development, Machine Learning Python, Flask, Machine Learning, Data visualizations, Data Mining, Web Scrapping",Business Analytics Data Science  i am very much enthusiast about the new opportunities in the domain of data analytics web development machine learning python flask machine learning data visualizations data mining web scrapping
